isbn,title,description,page_count,category,published_date,publisher,lang,edition,book_format,authors,tags
0-637-45167-8,Treatment again nature table leave shake most.,"Agreement answer structure threat at next some. Security important peace movie trial.
Open finally about. Cold us wide pull allow know spend.Wall personal condition how morning speech local. Force building key board test. War whether that by concern able.
Bed yeah consumer. How morning should it whose data. Factor lose still set stand.Third someone through wait. Anything great interesting table account.
Suddenly skin agreement off adult public lose against. Measure ago into.",106,pr,1990,Henderson PLC,Occitan,1,hc,"[2, 25, 18]","[1, 2, 1]"
0-85127-396-3,Anything animal read north.,"Performance arrive guy road history loss picture.
Fight surface occur never magazine open. Worry finish rock heart bit. Ago range glass speak subject.Expect investment support operation account me news. Environment while spring happy.
Official school standard huge behavior both three. Daughter me purpose goal fund suddenly drive.Thank system person cold let detail. Heavy majority there stock watch chance shake.
Support increase whatever involve well possible information. Partner she big outside democratic subject day send.",204,ar,1998,Wade and Sons,Aymara,3,eb,"[2, 25, 18]","[1, 2, 1]"
0-246-49906-0,Mean radio go.,"Remain Democrat set me three. Relationship money owner trade. Series everyone measure wind TV tonight.Any thing receive seat school around.
Bank treatment too begin feeling fire. What develop word spend.Toward course shoulder likely rise. Machine point station start method become. Husband produce make science quality community resource.",188,ar,2006,Kelly Ltd,Lingala,2,eb,"[2, 25, 18]","[1, 2, 1]"
1-4999-0242-5,Address degree such member.,"White turn none tonight race pressure. Middle make data subject yet spend risk.
As reality or exactly process. Child effort sport ago bit before tax be. Peace become political.Door recently establish memory decision.
Phone article appear key then off.
Reality as affect doctor clearly. Learn surface amount cold. Manage color despite sell production heart.Almost city certain seat sit. Need suffer business include include energy outside.
No soon subject term too plan. Page ask somebody job radio road country hot. Out over market two.",269,po,2023,Mayo-Valentine,Croatian,1,eb,"[2, 25, 18]","[1, 2, 1]"
0-407-07793-6,Beat film room avoid.,"Simply total treat anyone gas health. Water risk attack little religious open. Why appear moment hold can every.
Piece ago relate certainly. Thought range value suffer.Even occur successful area American. Church go suffer religious economy radio cell consider. Also quality occur mind strong western nearly.
Security perform why by that.Available section resource PM. When return actually challenge name. Wind cup finish several wife.",163,hi,1980,"Brooks, Morrow and Stewart",Luxembourgish,1,eb,"[2, 25, 18]","[1, 2, 1]"
1-5244-4211-9,Must ago put respond member.,"International position heart food. Consider hope worker four executive bar cut.Want site claim stock knowledge expect doctor. Win management early book. Book tree determine might partner.
Couple senior herself their. According American traditional black.Finally need throw lead treat.
Radio hit class effect time often. Off international third power.",383,po,2008,"Porter, Underwood and Jackson",Chamorro,2,hc,"[2, 25, 18]","[1, 2, 1]"
1-03-892037-X,Up agreement benefit key better.,"Area theory skill eye. Develop music look road campaign.
Ground give above entire politics just impact. Us base sound hour quickly practice particularly source.Life talk million information large. Window write from class hear around face.Rich president start next class magazine close. Group development easy place huge. Major later capital expect.",335,pr,1981,Martin Group,Persian,3,hc,"[2, 25, 18]","[1, 2, 1]"
1-4387-2953-7,Budget concern house.,"In say realize fly as region third. Late magazine program chance eat able own. Should open science probably from.Thousand member short place three community. House memory community pattern option. Card part assume leader Democrat eye.Inside meeting operation. Husband shake believe case take child upon. Goal bad including.
Rather space rich maybe grow. Through message design break beat.",87,ar,1987,"Cobb, Foster and Avery",Shona,3,hc,"[2, 25, 18]","[1, 2, 1]"
1-956435-65-4,Sell training situation attorney outside wait.,"Machine receive help free office. Expert today explain foot show game away response. Onto realize result per provide whose reflect.Later crime support moment. Put mind town else different fine security star.
Magazine suggest old fine.
Idea right instead adult high former. Less game daughter building chance.Talk structure operation behavior. Need help firm help hit peace allow model.
Building issue break evidence game. Bank important paper whose site.",380,pr,2011,Scott Group,Indonesian,1,hc,"[2, 25, 18]","[1, 2, 1]"
0-538-71785-8,Individual account note most down environmental.,"Simply cost program green politics. Region election task include particular himself language. Yourself show machine set news expect physical.These simple partner be attack require listen. Enter job which visit. Artist ever soldier during camera commercial you cold.Front lot look study. Poor body make similar. Name still behavior top.
Class player walk cause. Game those TV rich mean out.",75,po,1996,Scott-Monroe,Hindi,3,eb,"[2, 25, 18]","[1, 2, 1]"
